Question,Answer
1. What are the Sustainable Development Goals (SDGs) and when were they created?,"The Sustainable Development Goals (SDGs) are a set of 17 goals created in the year 2015 by leaders from 193 countries to address global challenges such as poverty, hunger, climate change, and inequality."
2. How many countries agreed on the Sustainable Development Goals?,193 countries agreed on the Sustainable Development Goals.
3. What is the goal related to ending extreme poverty and hunger by 2030?,"The goal related to ending extreme poverty and hunger by 2030 is to ""End extreme poverty in all forms by 2030"" and ""End hunger, achieve food security and improved nutrition and promote sustainable agriculture."""
4. How can we achieve the goal of ensuring sustainable consumption and production patterns?,"To achieve the goal of ensuring sustainable consumption and production patterns, several actions can be taken:

1. Manage natural resources efficiently and dispose of toxic waste properly.
2. Reduce per capita food waste globally.
3. Encourage businesses and consumers to reduce and recycle waste.
4. Support countries that traditionally have low consumption levels to move towards more responsible consumption patterns.

By implementing these actions, we can work towards a world where everyone's needs are met sustainably, preserving natural resources for future generations."
5. What are some key actions that can be taken to combat climate change and its impacts?,"Some key actions that can be taken to combat climate change and its impacts include reducing carbon emissions, investing in renewable energy sources, promoting energy efficiency, protecting forests and natural habitats, implementing sustainable agricultural practices, and supporting policies that reduce greenhouse gas emissions."
6. Why is it important to promote peaceful and inclusive societies for sustainable development?,"It is important to promote peaceful and inclusive societies for sustainable development because peace and justice are essential for countries to develop and for people to lead fulfilling lives. Without peace, countries cannot progress, and without justice, human rights and the rule of law cannot be upheld. Inclusive societies ensure that all individuals have equal opportunities and access to resources, which is crucial for sustainable development. Peace and inclusivity are foundational elements for achieving the Sustainable Development Goals and creating a better world for all."
7. How can individuals support and help reach the Sustainable Development Goals by 2030?,"Individuals can support and help reach the Sustainable Development Goals by 2030 in various ways:

1. **Educate Yourself**: Learn about the Sustainable Development Goals and understand how they impact different aspects of society and the environment.

2. **Spread Awareness**: Share information about the SDGs with others through social media, conversations, and community events to raise awareness and encourage action.

3. **Support Sustainable Practices**: Make sustainable choices in your daily life, such as reducing waste, conserving energy, and supporting eco-friendly products and businesses.

4. **Advocate for Change**: Use your voice to advocate for policies and practices that align with the SDGs, whether it's through petitions, letters to policymakers, or participating in advocacy campaigns.

5. **Volunteer**: Get involved in local community projects or organizations that work towards achieving the SDGs, such as volunteering at a food bank, participating in environmental clean-up efforts, or supporting educational initiatives.

6. **Donate**: Contribute to organizations and initiatives that are dedicated to addressing specific SDGs, whether through financial donations or in-kind support.

7. **Lifestyle Changes**: Make conscious choices in your lifestyle, such as supporting fair trade products, reducing your carbon footprint, and promoting gender equality in your personal and professional life.

By taking these actions, individuals can play a significant role in supporting the Sustainable Development Goals and working towards a more sustainable and equitable future for all."
