{"docstore/metadata": {"b7d75f93-aefd-4fad-8bc5-0634f346d3ed": {"doc_hash": "29f58efe2b69d7a749e9ed7b0872c88746ef4f6b5592e4433bc070a4be529101"}, "2b17efd0-21a1-49c4-93f2-01e83640e3a3": {"doc_hash": "7058da5c122f8a34b91ca9cb0684d92ce01a85e1711fca1c59dbd592ed7ca35f", "ref_doc_id": "b7d75f93-aefd-4fad-8bc5-0634f346d3ed"}, "df45379a-eebf-444d-88fe-338c2e257ae0": {"doc_hash": "2061eb4774435d47902ba6fbe9aaaf09636f30a6df8e44b4a33f55f7a7f591b8", "ref_doc_id": "b7d75f93-aefd-4fad-8bc5-0634f346d3ed"}, "d8c42416-4590-4d5a-9b62-f7873d2174c2": {"doc_hash": "f05fa4e1bb27fcd3540d546b06384c06245f874d802ae473ca10b0eaf70c3fee", "ref_doc_id": "b7d75f93-aefd-4fad-8bc5-0634f346d3ed"}, "8d81db16-e32e-4ebd-a0f1-7aee5c7fca1e": {"doc_hash": "47c4c1c57f701c69029b8d051bbec3fb23e09a106649ad7a8adb484afa37950e", "ref_doc_id": "b7d75f93-aefd-4fad-8bc5-0634f346d3ed"}, "da3984c0-6300-4334-a94c-47de04f1bd6f": {"doc_hash": "88123d517532cdf2e01d4faf80de7add20f96e32bd18322d3f6f12d751e23ce4", "ref_doc_id": "b7d75f93-aefd-4fad-8bc5-0634f346d3ed"}}, "docstore/data": {"2b17efd0-21a1-49c4-93f2-01e83640e3a3": {"__data__": {"id_": "2b17efd0-21a1-49c4-93f2-01e83640e3a3", "embedding": null, "metadata": {"file_path": "data\\be-good.txt", "file_name": "be-good.txt", "file_type": "text/plain", "file_size": 16710, "creation_date": "2024-10-05", "last_modified_date": "2025-06-26", "last_accessed_date": "2025-06-26"}, "excluded_embed_metadata_keys": ["file_name", "file_type", "file_size", "creation_date", "last_modified_date", "last_accessed_date"], "excluded_llm_metadata_keys": ["file_name", "file_type", "file_size", "creation_date", "last_modified_date", "last_accessed_date"], "relationships": {"1": {"node_id": "b7d75f93-aefd-4fad-8bc5-0634f346d3ed", "node_type": "4", "metadata": {"file_path": "data\\be-good.txt", "file_name": "be-good.txt", "file_type": "text/plain", "file_size": 16710, "creation_date": "2024-10-05", "last_modified_date": "2025-06-26", "last_accessed_date": "2025-06-26"}, "hash": "29f58efe2b69d7a749e9ed7b0872c88746ef4f6b5592e4433bc070a4be529101", "class_name": "RelatedNodeInfo"}, "3": {"node_id": "df45379a-eebf-444d-88fe-338c2e257ae0", "node_type": "1", "metadata": {}, "hash": "2c6101145584e85b6dd81998c06631de76d581361c9ebe742050fb55a7132999", "class_name": "RelatedNodeInfo"}}, "text": "Be good\n\nApril 2008(This essay is derived from a talk at the 2008 Startup School.)About a month after we started Y Combinator we came up with the\nphrase that became our motto: Make something people want.  We've\nlearned a lot since then, but if I were choosing now that's still\nthe one I'd pick.Another thing we tell founders is not to worry too much about the\nbusiness model, at least at first.  Not because making money is\nunimportant, but because it's so much easier than building something\ngreat.A couple weeks ago I realized that if you put those two ideas\ntogether, you get something surprising.  Make something people want.\nDon't worry too much about making money.  What you've got is a\ndescription of a charity.When you get an unexpected result like this, it could either be a\nbug or a new discovery.  Either businesses aren't supposed to be\nlike charities, and we've proven by reductio ad absurdum that one\nor both of the principles we began with is false.  Or we have a new\nidea.I suspect it's the latter, because as soon as this thought occurred\nto me, a whole bunch of other things fell into place.ExamplesFor example, Craigslist.  It's not a charity, but they run it like\none.  And they're astoundingly successful.  When you scan down the\nlist of most popular web sites, the number of employees at Craigslist\nlooks like a misprint. Their revenues aren't as high as they could\nbe, but most startups would be happy to trade places with them.In Patrick O'Brian's novels, his captains always try to get upwind\nof their opponents.  If you're upwind, you decide when and if to\nengage the other ship.  Craigslist is effectively upwind of enormous\nrevenues.  They'd face some challenges if they wanted to make more,\nbut not the sort you face when you're tacking upwind, trying to\nforce a crappy product on ambivalent users by spending ten times\nas much on sales as on development.  [1]I'm not saying startups should aim to end up like Craigslist.\nThey're a product of unusual circumstances.  But they're a good\nmodel for the early phases.Google looked a lot like a charity in the beginning. They didn't\nhave ads for over a year.  At year 1, Google was indistinguishable\nfrom a nonprofit.  If a nonprofit or government organization had\nstarted a project to index the web, Google at year 1 is the limit\nof what they'd have produced.Back when I was working on spam filters I thought it would be a\ngood idea to have a web-based email service with good spam filtering.\nI wasn't thinking of it as a company.  I just wanted to keep people\nfrom getting spammed.  But as I thought more about this project, I\nrealized it would probably have to be a company.  It would cost\nsomething to run, and it would be a pain to fund with grants and\ndonations.That was a surprising realization.  Companies often claim to be\nbenevolent, but it was surprising to realize there were purely\nbenevolent projects that had to be embodied as companies to work.I didn't want to start another company, so I didn't do it.  But if\nsomeone had, they'd probably be quite rich now.  There was a window\nof about two years when spam was increasing rapidly but all the big\nemail services had terrible filters.  If someone had launched a\nnew, spam-free mail service, users would have flocked to it.Notice the pattern here?  From either direction we get to the same\nspot.  If you start from successful startups, you find they often\nbehaved like nonprofits.  And if you start from ideas for nonprofits,\nyou find they'd often make good startups.PowerHow wide is this territory?  Would all good nonprofits be good\ncompanies?  Possibly not.  What makes Google so valuable is that\ntheir users have money.  If you make people with money love you,\nyou can probably get some of it.  But could you also base a successful\nstartup on behaving like a nonprofit to people who don't have money?\nCould you, for example, grow a successful startup out of curing an\nunfashionable but deadly disease like malaria?I'm not sure, but I suspect that if you pushed this idea, you'd be\nsurprised how far it would go.  For example, people who apply to Y\nCombinator don't generally have much money, and yet we can profit\nby helping them, because with our help they could make money.  Maybe\nthe situation is similar with malaria.", "start_char_idx": 0, "end_char_idx": 4263, "text_template": "{metadata_str}\n\n{content}", "metadata_template": "{key}: {value}", "metadata_seperator": "\n", "class_name": "TextNode"}, "__type__": "1"}, "df45379a-eebf-444d-88fe-338c2e257ae0": {"__data__": {"id_": "df45379a-eebf-444d-88fe-338c2e257ae0", "embedding": null, "metadata": {"file_path": "data\\be-good.txt", "file_name": "be-good.txt", "file_type": "text/plain", "file_size": 16710, "creation_date": "2024-10-05", "last_modified_date": "2025-06-26", "last_accessed_date": "2025-06-26"}, "excluded_embed_metadata_keys": ["file_name", "file_type", "file_size", "creation_date", "last_modified_date", "last_accessed_date"], "excluded_llm_metadata_keys": ["file_name", "file_type", "file_size", "creation_date", "last_modified_date", "last_accessed_date"], "relationships": {"1": {"node_id": "b7d75f93-aefd-4fad-8bc5-0634f346d3ed", "node_type": "4", "metadata": {"file_path": "data\\be-good.txt", "file_name": "be-good.txt", "file_type": "text/plain", "file_size": 16710, "creation_date": "2024-10-05", "last_modified_date": "2025-06-26", "last_accessed_date": "2025-06-26"}, "hash": "29f58efe2b69d7a749e9ed7b0872c88746ef4f6b5592e4433bc070a4be529101", "class_name": "RelatedNodeInfo"}, "2": {"node_id": "2b17efd0-21a1-49c4-93f2-01e83640e3a3", "node_type": "1", "metadata": {"file_path": "data\\be-good.txt", "file_name": "be-good.txt", "file_type": "text/plain", "file_size": 16710, "creation_date": "2024-10-05", "last_modified_date": "2025-06-26", "last_accessed_date": "2025-06-26"}, "hash": "7058da5c122f8a34b91ca9cb0684d92ce01a85e1711fca1c59dbd592ed7ca35f", "class_name": "RelatedNodeInfo"}, "3": {"node_id": "d8c42416-4590-4d5a-9b62-f7873d2174c2", "node_type": "1", "metadata": {}, "hash": "198f61641bd348c54b6a28cda3baf1b601d9581491fddd657fd81f0201bb86b0", "class_name": "RelatedNodeInfo"}}, "text": "And if you start from ideas for nonprofits,\nyou find they'd often make good startups.PowerHow wide is this territory?  Would all good nonprofits be good\ncompanies?  Possibly not.  What makes Google so valuable is that\ntheir users have money.  If you make people with money love you,\nyou can probably get some of it.  But could you also base a successful\nstartup on behaving like a nonprofit to people who don't have money?\nCould you, for example, grow a successful startup out of curing an\nunfashionable but deadly disease like malaria?I'm not sure, but I suspect that if you pushed this idea, you'd be\nsurprised how far it would go.  For example, people who apply to Y\nCombinator don't generally have much money, and yet we can profit\nby helping them, because with our help they could make money.  Maybe\nthe situation is similar with malaria.  Maybe an organization that\nhelped lift its weight off a country could benefit from the resulting\ngrowth.I'm not proposing this is a serious idea.  I don't know anything\nabout malaria.  But I've been kicking ideas around long enough to\nknow when I come across a powerful one.One way to guess how far an idea extends is to ask yourself at what\npoint you'd bet against it.  The thought of betting against benevolence\nis alarming in the same way as saying that something is technically\nimpossible.  You're just asking to be made a fool of, because these\nare such powerful forces.  [2]For example, initially I thought maybe this principle only applied\nto Internet startups.  Obviously it worked for Google, but what\nabout Microsoft?  Surely Microsoft isn't benevolent?  But when I\nthink back to the beginning, they were.  Compared to IBM they were\nlike Robin Hood.  When IBM introduced the PC, they thought they\nwere going to make money selling hardware at high prices.  But by\ngaining control of the PC standard, Microsoft opened up the market\nto any manufacturer.  Hardware prices plummeted, and lots of people\ngot to have computers who couldn't otherwise have afforded them.\nIt's the sort of thing you'd expect Google to do.Microsoft isn't so benevolent now.  Now when one thinks of what\nMicrosoft does to users, all the verbs that come to mind begin with\nF.  [3] And yet it doesn't seem to pay.\nTheir stock price has been flat for years.  Back when they were\nRobin Hood, their stock price rose like Google's.  Could there be\na connection?You can see how there would be.  When you're small, you can't bully\ncustomers, so you have to charm them.  Whereas when you're big you\ncan maltreat them at will, and you tend to, because it's easier\nthan satisfying them.  You grow big by being nice, but you can stay\nbig by being mean.You get away with it till the underlying conditions change, and\nthen all your victims escape.  So \"Don't be evil\" may be the most\nvaluable thing Paul Buchheit made for Google, because it may turn\nout to be an elixir of corporate youth.  I'm sure they find it\nconstraining, but think how valuable it will be if it saves them\nfrom lapsing into the fatal laziness that afflicted Microsoft and\nIBM.The curious thing is, this elixir is freely available to any other\ncompany.  Anyone can adopt \"Don't be evil.\"  The catch is that\npeople will hold you to it.  So I don't think you're going to see\nrecord labels or tobacco companies using this discovery.MoraleThere's a lot of external evidence that benevolence works.  But how\ndoes it work?  One advantage of investing in a large number of\nstartups is that you get a lot of data about how they work.  From\nwhat we've seen, being good seems to help startups in three ways:\nit improves their morale, it makes other people want to help them,\nand above all, it helps them be decisive.Morale is tremendously important to a startup\u2014so important\nthat morale alone is almost enough to determine success.  Startups\nare often described as emotional roller-coasters. One minute you're\ngoing to take over the world, and the next you're doomed.  The\nproblem with feeling you're doomed is not just that it makes you\nunhappy, but that it makes you stop working.  So the downhills\nof the roller-coaster are more of a self fulfilling prophecy than\nthe uphills.", "start_char_idx": 3420, "end_char_idx": 7573, "text_template": "{metadata_str}\n\n{content}", "metadata_template": "{key}: {value}", "metadata_seperator": "\n", "class_name": "TextNode"}, "__type__": "1"}, "d8c42416-4590-4d5a-9b62-f7873d2174c2": {"__data__": {"id_": "d8c42416-4590-4d5a-9b62-f7873d2174c2", "embedding": null, "metadata": {"file_path": "data\\be-good.txt", "file_name": "be-good.txt", "file_type": "text/plain", "file_size": 16710, "creation_date": "2024-10-05", "last_modified_date": "2025-06-26", "last_accessed_date": "2025-06-26"}, "excluded_embed_metadata_keys": ["file_name", "file_type", "file_size", "creation_date", "last_modified_date", "last_accessed_date"], "excluded_llm_metadata_keys": ["file_name", "file_type", "file_size", "creation_date", "last_modified_date", "last_accessed_date"], "relationships": {"1": {"node_id": "b7d75f93-aefd-4fad-8bc5-0634f346d3ed", "node_type": "4", "metadata": {"file_path": "data\\be-good.txt", "file_name": "be-good.txt", "file_type": "text/plain", "file_size": 16710, "creation_date": "2024-10-05", "last_modified_date": "2025-06-26", "last_accessed_date": "2025-06-26"}, "hash": "29f58efe2b69d7a749e9ed7b0872c88746ef4f6b5592e4433bc070a4be529101", "class_name": "RelatedNodeInfo"}, "2": {"node_id": "df45379a-eebf-444d-88fe-338c2e257ae0", "node_type": "1", "metadata": {"file_path": "data\\be-good.txt", "file_name": "be-good.txt", "file_type": "text/plain", "file_size": 16710, "creation_date": "2024-10-05", "last_modified_date": "2025-06-26", "last_accessed_date": "2025-06-26"}, "hash": "2061eb4774435d47902ba6fbe9aaaf09636f30a6df8e44b4a33f55f7a7f591b8", "class_name": "RelatedNodeInfo"}, "3": {"node_id": "8d81db16-e32e-4ebd-a0f1-7aee5c7fca1e", "node_type": "1", "metadata": {}, "hash": "cc0f74d88c05308f1a0771d3a2e11b35f1025a348df787b9c1e1183102dd4100", "class_name": "RelatedNodeInfo"}}, "text": "But how\ndoes it work?  One advantage of investing in a large number of\nstartups is that you get a lot of data about how they work.  From\nwhat we've seen, being good seems to help startups in three ways:\nit improves their morale, it makes other people want to help them,\nand above all, it helps them be decisive.Morale is tremendously important to a startup\u2014so important\nthat morale alone is almost enough to determine success.  Startups\nare often described as emotional roller-coasters. One minute you're\ngoing to take over the world, and the next you're doomed.  The\nproblem with feeling you're doomed is not just that it makes you\nunhappy, but that it makes you stop working.  So the downhills\nof the roller-coaster are more of a self fulfilling prophecy than\nthe uphills.  If feeling you're going to succeed makes you work\nharder, that probably improves your chances of succeeding, but if\nfeeling you're going to fail makes you stop working, that practically\nguarantees you'll fail.Here's where benevolence comes in.  If you feel you're really helping\npeople, you'll keep working even when it seems like your startup\nis doomed.  Most of us have some amount of natural benevolence.\nThe mere fact that someone needs you makes you want to help them.\nSo if you start the kind of startup where users come back each day,\nyou've basically built yourself a giant tamagotchi.  You've made\nsomething you need to take care of.Blogger is a famous example of a startup that went through really\nlow lows and survived.  At one point they ran out of money and\neveryone left. Evan Williams came in to work the next day, and there\nwas no one but him.  What kept him going?  Partly that users needed\nhim.  He was hosting thousands of people's blogs. He couldn't just\nlet the site die.There are many advantages of launching quickly, but the most important\nmay be that once you have users, the tamagotchi effect kicks in.\nOnce you have users to take care of, you're forced to figure out\nwhat will make them happy, and that's actually very valuable\ninformation.The added confidence that comes from trying to help people can\nalso help you with investors. One of the founders of \nChatterous told \nme recently that he and his cofounder had decided that this service\nwas something the world needed, so they were going to keep working\non it no matter what, even if they had to move back to Canada and live\nin their parents' basements.Once they realized this, they stopped caring so much what investors thought\nabout them.  They still met with them, but they weren't going to\ndie if they didn't get their money.  And you know what?  The investors\ngot a lot more interested.  They could sense that the Chatterouses\nwere going to do this startup with or without them.If you're really committed and your startup is cheap to run, you\nbecome very hard to kill.  And practically all startups, even the\nmost successful, come close to death at some point.  So if doing\ngood for people gives you a sense of mission that makes you harder\nto kill, that alone more than compensates for whatever you lose by\nnot choosing a more selfish project.HelpAnother advantage of being good is that it makes other people want\nto help you.  This too seems to be an inborn trait in humans.One of the startups we've funded, Octopart, is currently locked in\na classic battle of good versus evil.  They're a search site for\nindustrial components.  A lot of people need to search for components,\nand before Octopart there was no good way to do it.  That, it turned\nout, was no coincidence.Octopart built the right way to search for components.  Users like\nit and they've been growing rapidly.  And yet for most of Octopart's\nlife, the biggest distributor, Digi-Key, has been trying to force\nthem take their prices off the site.  Octopart is sending them\ncustomers for free, and yet Digi-Key is trying to make that traffic\nstop.  Why?  Because their current business model depends on\novercharging people who have incomplete information about prices.\nThey don't want search to work.The Octoparts are the nicest guys in the world.  They dropped out\nof the PhD program in physics at Berkeley to do this.  They just\nwanted to fix a problem they encountered in their research.  Imagine\nhow much time you could save the world's engineers if they could\ndo searches online.", "start_char_idx": 6799, "end_char_idx": 11108, "text_template": "{metadata_str}\n\n{content}", "metadata_template": "{key}: {value}", "metadata_seperator": "\n", "class_name": "TextNode"}, "__type__": "1"}, "8d81db16-e32e-4ebd-a0f1-7aee5c7fca1e": {"__data__": {"id_": "8d81db16-e32e-4ebd-a0f1-7aee5c7fca1e", "embedding": null, "metadata": {"file_path": "data\\be-good.txt", "file_name": "be-good.txt", "file_type": "text/plain", "file_size": 16710, "creation_date": "2024-10-05", "last_modified_date": "2025-06-26", "last_accessed_date": "2025-06-26"}, "excluded_embed_metadata_keys": ["file_name", "file_type", "file_size", "creation_date", "last_modified_date", "last_accessed_date"], "excluded_llm_metadata_keys": ["file_name", "file_type", "file_size", "creation_date", "last_modified_date", "last_accessed_date"], "relationships": {"1": {"node_id": "b7d75f93-aefd-4fad-8bc5-0634f346d3ed", "node_type": "4", "metadata": {"file_path": "data\\be-good.txt", "file_name": "be-good.txt", "file_type": "text/plain", "file_size": 16710, "creation_date": "2024-10-05", "last_modified_date": "2025-06-26", "last_accessed_date": "2025-06-26"}, "hash": "29f58efe2b69d7a749e9ed7b0872c88746ef4f6b5592e4433bc070a4be529101", "class_name": "RelatedNodeInfo"}, "2": {"node_id": "d8c42416-4590-4d5a-9b62-f7873d2174c2", "node_type": "1", "metadata": {"file_path": "data\\be-good.txt", "file_name": "be-good.txt", "file_type": "text/plain", "file_size": 16710, "creation_date": "2024-10-05", "last_modified_date": "2025-06-26", "last_accessed_date": "2025-06-26"}, "hash": "f05fa4e1bb27fcd3540d546b06384c06245f874d802ae473ca10b0eaf70c3fee", "class_name": "RelatedNodeInfo"}, "3": {"node_id": "da3984c0-6300-4334-a94c-47de04f1bd6f", "node_type": "1", "metadata": {}, "hash": "b82db915a0c659b3771315e12ea886fca7fe6e3d851cff674730efbfdb4a7397", "class_name": "RelatedNodeInfo"}}, "text": "That, it turned\nout, was no coincidence.Octopart built the right way to search for components.  Users like\nit and they've been growing rapidly.  And yet for most of Octopart's\nlife, the biggest distributor, Digi-Key, has been trying to force\nthem take their prices off the site.  Octopart is sending them\ncustomers for free, and yet Digi-Key is trying to make that traffic\nstop.  Why?  Because their current business model depends on\novercharging people who have incomplete information about prices.\nThey don't want search to work.The Octoparts are the nicest guys in the world.  They dropped out\nof the PhD program in physics at Berkeley to do this.  They just\nwanted to fix a problem they encountered in their research.  Imagine\nhow much time you could save the world's engineers if they could\ndo searches online.  So when I hear that a big, evil company is\ntrying to stop them in order to keep search broken, it makes me\nreally want to help them. It makes me spend more time on the Octoparts\nthan I do with most of the other startups we've funded.  It just\nmade me spend several minutes telling you how great they are.  Why?\nBecause they're good guys and they're trying to help the world.If you're benevolent, people will rally around you: investors,\ncustomers, other companies, and potential employees.  In the long\nterm the most important may be the potential employees.  I think\neveryone knows now that \ngood hackers are much better than mediocre\nones.  If you can attract the best hackers to work for you, as\nGoogle has, you have a big advantage.  And the very best hackers\ntend to be idealistic.  They're not desperate for a job.  They can\nwork wherever they want.  So most want to work on things that will\nmake the world better.CompassBut the most important advantage of being good is that it acts as\na compass.  One of the hardest parts of doing a startup is that you\nhave so many choices.  There are just two or three of you, and a\nthousand things you could do. How do you decide?Here's the answer: Do whatever's best for your users.  You can hold\nonto this like a rope in a hurricane, and it will save you if\nanything can.  Follow it and it will take you through everything\nyou need to do.It's even the answer to questions that seem unrelated, like how to\nconvince investors to give you money.  If you're a good salesman,\nyou could try to just talk them into it.  But the more reliable\nroute is to convince them through your users: if you make something\nusers love enough to tell their friends, you grow exponentially,\nand that will convince any investor.Being good is a particularly useful strategy for making decisions\nin complex situations because it's stateless.  It's like telling\nthe truth.  The trouble with lying is that you have to remember\neverything you've said in the past to make sure you don't contradict\nyourself.  If you tell the truth you don't have to remember anything,\nand that's a really useful property in domains where things happen\nfast.For example, Y Combinator has now invested in 80 startups, 57 of\nwhich are still alive.  (The rest have died or merged or been\nacquired.)  When you're trying to advise 57 startups, it turns out\nyou have to have a stateless algorithm.  You can't have ulterior\nmotives when you have 57 things going on at once, because you can't\nremember them.  So our rule is just to do whatever's best for the\nfounders.  Not because we're particularly benevolent, but because\nit's the only algorithm that works on that scale.When you write something telling people to be good, you seem to be\nclaiming to be good yourself.  So I want to say explicitly that I\nam not a particularly good person.  When I was a kid I was firmly\nin the camp of bad.  The way adults used the word good, it seemed\nto be synonymous with quiet, so I grew up very suspicious of it.You know how there are some people whose names come up in conversation\nand everyone says \"He's such a great guy?\"  People never say\nthat about me.  The best I get is \"he means well.\"  I am not claiming\nto be good.  At best I speak good as a second language.So I'm not suggesting you be good in the usual sanctimonious way.\nI'm suggesting it because it works.", "start_char_idx": 10293, "end_char_idx": 14461, "text_template": "{metadata_str}\n\n{content}", "metadata_template": "{key}: {value}", "metadata_seperator": "\n", "class_name": "TextNode"}, "__type__": "1"}, "da3984c0-6300-4334-a94c-47de04f1bd6f": {"__data__": {"id_": "da3984c0-6300-4334-a94c-47de04f1bd6f", "embedding": null, "metadata": {"file_path": "data\\be-good.txt", "file_name": "be-good.txt", "file_type": "text/plain", "file_size": 16710, "creation_date": "2024-10-05", "last_modified_date": "2025-06-26", "last_accessed_date": "2025-06-26"}, "excluded_embed_metadata_keys": ["file_name", "file_type", "file_size", "creation_date", "last_modified_date", "last_accessed_date"], "excluded_llm_metadata_keys": ["file_name", "file_type", "file_size", "creation_date", "last_modified_date", "last_accessed_date"], "relationships": {"1": {"node_id": "b7d75f93-aefd-4fad-8bc5-0634f346d3ed", "node_type": "4", "metadata": {"file_path": "data\\be-good.txt", "file_name": "be-good.txt", "file_type": "text/plain", "file_size": 16710, "creation_date": "2024-10-05", "last_modified_date": "2025-06-26", "last_accessed_date": "2025-06-26"}, "hash": "29f58efe2b69d7a749e9ed7b0872c88746ef4f6b5592e4433bc070a4be529101", "class_name": "RelatedNodeInfo"}, "2": {"node_id": "8d81db16-e32e-4ebd-a0f1-7aee5c7fca1e", "node_type": "1", "metadata": {"file_path": "data\\be-good.txt", "file_name": "be-good.txt", "file_type": "text/plain", "file_size": 16710, "creation_date": "2024-10-05", "last_modified_date": "2025-06-26", "last_accessed_date": "2025-06-26"}, "hash": "47c4c1c57f701c69029b8d051bbec3fb23e09a106649ad7a8adb484afa37950e", "class_name": "RelatedNodeInfo"}}, "text": "Not because we're particularly benevolent, but because\nit's the only algorithm that works on that scale.When you write something telling people to be good, you seem to be\nclaiming to be good yourself.  So I want to say explicitly that I\nam not a particularly good person.  When I was a kid I was firmly\nin the camp of bad.  The way adults used the word good, it seemed\nto be synonymous with quiet, so I grew up very suspicious of it.You know how there are some people whose names come up in conversation\nand everyone says \"He's such a great guy?\"  People never say\nthat about me.  The best I get is \"he means well.\"  I am not claiming\nto be good.  At best I speak good as a second language.So I'm not suggesting you be good in the usual sanctimonious way.\nI'm suggesting it because it works.  It will work not just as a\nstatement of \"values,\" but as a guide to strategy,\nand even a design spec for software.  Don't just not be evil.  Be\ngood.Notes[1] Fifty years ago\nit would have seemed shocking for a public company not to pay\ndividends.  Now many tech companies don't.  The markets seem to\nhave figured out how to value potential dividends.  Maybe that isn't\nthe last step in this evolution.  Maybe markets will eventually get\ncomfortable with potential earnings. (VCs already are, and at least\nsome of them consistently make money.)I realize this sounds like the stuff one used to hear about the\n\"new economy\" during the Bubble.  Believe me, I was not drinking\nthat kool-aid at the time.  But I'm convinced there were some \ngood\nideas buried in Bubble thinking.  For example, it's ok to focus on\ngrowth instead of profits\u2014but only if the growth is genuine.\nYou can't be buying users; that's a pyramid scheme.   But a company\nwith rapid, genuine growth is valuable, and eventually markets learn\nhow to value valuable things.[2] The idea of starting\na company with benevolent aims is currently undervalued, because\nthe kind of people who currently make that their explicit goal don't\nusually do a very good job.It's one of the standard career paths of trustafarians to start\nsome vaguely benevolent business.  The problem with most of them\nis that they either have a bogus political agenda or are feebly\nexecuted.  The trustafarians' ancestors didn't get rich by preserving\ntheir traditional culture; maybe people in Bolivia don't want to\neither.  And starting an organic farm, though it's at least\nstraightforwardly benevolent, doesn't help people on the scale that\nGoogle does.Most explicitly benevolent projects don't hold themselves sufficiently\naccountable.  They act as if having good intentions were enough to\nguarantee good effects.[3] Users dislike their\nnew operating system so much that they're starting petitions to\nsave the old one.  And the old one was nothing special.  The hackers\nwithin Microsoft must know in their hearts that if the company\nreally cared about users they'd just advise them to switch to OSX.Thanks to Trevor Blackwell, Paul Buchheit, Jessica Livingston,\nand Robert Morris for reading drafts of this.", "start_char_idx": 13670, "end_char_idx": 16706, "text_template": "{metadata_str}\n\n{content}", "metadata_template": "{key}: {value}", "metadata_seperator": "\n", "class_name": "TextNode"}, "__type__": "1"}}, "docstore/ref_doc_info": {"b7d75f93-aefd-4fad-8bc5-0634f346d3ed": {"node_ids": ["2b17efd0-21a1-49c4-93f2-01e83640e3a3", "df45379a-eebf-444d-88fe-338c2e257ae0", "d8c42416-4590-4d5a-9b62-f7873d2174c2", "8d81db16-e32e-4ebd-a0f1-7aee5c7fca1e", "da3984c0-6300-4334-a94c-47de04f1bd6f"], "metadata": {"file_path": "data\\be-good.txt", "file_name": "be-good.txt", "file_type": "text/plain", "file_size": 16710, "creation_date": "2024-10-05", "last_modified_date": "2025-06-26", "last_accessed_date": "2025-06-26"}}}}